Query number,Document
1089273,output_590.txt
1089273,output_965.txt
1089273,output_58.txt
1089273,output_655.txt
1089273,output_483.txt
1089273,output_171.txt
1089273,output_1220.txt
1089273,output_842.txt
1089273,output_38.txt
1089273,output_986.txt
1087869,output_1478.txt
1087869,output_915.txt
1087869,output_1122.txt
1087869,output_1175.txt
1087869,output_562.txt
1087869,output_1174.txt
1087869,output_697.txt
1087869,output_799.txt
1087869,output_1296.txt
1087869,output_699.txt
1087858,output_547.txt
1087858,output_461.txt
1087858,output_1217.txt
1087858,output_565.txt
1087858,output_858.txt
1087858,output_817.txt
1087858,output_975.txt
1087858,output_1221.txt
1087858,output_1530.txt
1087858,output_587.txt
1087532,output_595.txt
1087532,output_387.txt
1087532,output_200.txt
1087532,output_1439.txt
1087532,output_942.txt
1087532,output_407.txt
1087532,output_332.txt
1087532,output_603.txt
1087532,output_373.txt
1087532,output_675.txt
1086886,output_407.txt
1086886,output_466.txt
1086886,output_593.txt
1086886,output_558.txt
1086886,output_159.txt
1086886,output_291.txt
1086886,output_1248.txt
1086886,output_127.txt
1086886,output_270.txt
1086886,output_736.txt
1100937,output_1484.txt
1100937,output_145.txt
1100937,output_514.txt
1100937,output_925.txt
1100937,output_624.txt
1100937,output_806.txt
1100937,output_194.txt
1100937,output_271.txt
1100937,output_1048.txt
1100937,output_885.txt
1100930,output_279.txt
1100930,output_1478.txt
1100930,output_1373.txt
1100930,output_1344.txt
1100930,output_762.txt
1100930,output_1243.txt
1100930,output_849.txt
1100930,output_625.txt
1100930,output_1270.txt
1100930,output_65.txt
1086281,output_79.txt
1086281,output_815.txt
1086281,output_1194.txt
1086281,output_1143.txt
1086281,output_1202.txt
1086281,output_469.txt
1086281,output_562.txt
1086281,output_994.txt
1086281,output_342.txt
1086281,output_1456.txt
1085013,output_36.txt
1085013,output_137.txt
1085013,output_763.txt
1085013,output_978.txt
1085013,output_1020.txt
1085013,output_453.txt
1085013,output_390.txt
1085013,output_562.txt
1085013,output_943.txt
1085013,output_367.txt
1085008,output_1516.txt
1085008,output_335.txt
1085008,output_1515.txt
1085008,output_722.txt
1085008,output_1211.txt
1085008,output_79.txt
1085008,output_280.txt
1085008,output_303.txt
1085008,output_768.txt
1085008,output_589.txt
1084898,output_487.txt
1084898,output_991.txt
1084898,output_1056.txt
1084898,output_938.txt
1084898,output_138.txt
1084898,output_910.txt
1084898,output_866.txt
1084898,output_229.txt
1084898,output_1005.txt
1084898,output_578.txt
1084336,output_141.txt
1084336,output_868.txt
1084336,output_418.txt
1084336,output_875.txt
1084336,output_536.txt
1084336,output_791.txt
1084336,output_210.txt
1084336,output_118.txt
1084336,output_1419.txt
1084336,output_1226.txt
1083926,output_681.txt
1083926,output_350.txt
1083926,output_774.txt
1083926,output_1503.txt
1083926,output_1082.txt
1083926,output_473.txt
1083926,output_31.txt
1083926,output_800.txt
1083926,output_562.txt
1083926,output_341.txt
1083727,output_536.txt
1083727,output_210.txt
1083727,output_118.txt
1083727,output_260.txt
1083727,output_745.txt
1083727,output_256.txt
1083727,output_1347.txt
1083727,output_134.txt
1083727,output_349.txt
1083727,output_1361.txt
1083721,output_1546.txt
1083721,output_851.txt
1083721,output_886.txt
1083721,output_838.txt
1083721,output_3.txt
1083721,output_694.txt
1083721,output_900.txt
1083721,output_631.txt
1083721,output_977.txt
1083721,output_130.txt
1081730,output_14.txt
1081730,output_391.txt
1081730,output_505.txt
1081730,output_45.txt
1081730,output_1166.txt
1081730,output_680.txt
1081730,output_1120.txt
1081730,output_411.txt
1081730,output_129.txt
1081730,output_725.txt
1081338,output_550.txt
1081338,output_1188.txt
1081338,output_968.txt
1081338,output_1395.txt
1081338,output_502.txt
1081338,output_88.txt
1081338,output_167.txt
1081338,output_1099.txt
1081338,output_1263.txt
1081338,output_1360.txt
1077002,output_868.txt
1074807,output_1040.txt
1074807,output_978.txt
1074807,output_250.txt
1074807,output_868.txt
1074807,output_1026.txt
1074807,output_687.txt
1074807,output_1120.txt
1074807,output_936.txt
1074807,output_664.txt
1074807,output_1182.txt
1069521,output_972.txt
1069521,output_1294.txt
1069521,output_1262.txt
1069521,output_1435.txt
1069521,output_65.txt
1069521,output_1046.txt
1069521,output_80.txt
1067587,output_334.txt
1067587,output_1347.txt
1067587,output_80.txt
1067587,output_274.txt
1067587,output_791.txt
1067587,output_546.txt
1067587,output_562.txt
1067587,output_78.txt
1067587,output_585.txt
1067587,output_951.txt
1066709,output_175.txt
1066709,output_348.txt
1066709,output_1550.txt
1066709,output_1291.txt
1066709,output_81.txt
1066709,output_244.txt
1066709,output_433.txt
1066709,output_140.txt
1066709,output_605.txt
1066709,output_1235.txt
1063892,output_1267.txt
1063892,output_1445.txt
1063892,output_609.txt
1063892,output_156.txt
1063892,output_1533.txt
1063892,output_469.txt
1063892,output_366.txt
1063892,output_348.txt
1063892,output_1176.txt
1063892,output_1215.txt
1062687,output_799.txt
1062687,output_257.txt
1062687,output_488.txt
1062687,output_1527.txt
1062687,output_609.txt
1062687,output_1003.txt
1062687,output_4.txt
1062687,output_433.txt
1062687,output_153.txt
1062687,output_740.txt
1060496,output_1275.txt
1060496,output_257.txt
1060496,output_792.txt
1060496,output_1071.txt
1060496,output_1045.txt
1060496,output_605.txt
1060496,output_178.txt
1060496,output_1179.txt
1060496,output_1221.txt
1060496,output_711.txt
1053901,output_624.txt
1053901,output_774.txt
1053901,output_1407.txt
1053901,output_621.txt
1053901,output_635.txt
1053901,output_1444.txt
1053901,output_390.txt
1053901,output_137.txt
1053901,output_1263.txt
1053901,output_729.txt
1052985,output_614.txt
1052985,output_1156.txt
1052985,output_843.txt
1052985,output_220.txt
1052985,output_1501.txt
1052985,output_942.txt
1052985,output_1189.txt
1052985,output_445.txt
1052985,output_423.txt
1052985,output_1261.txt
1051520,output_218.txt
1051520,output_1164.txt
1051520,output_562.txt
1051520,output_985.txt
1051520,output_297.txt
1051520,output_485.txt
1051520,output_980.txt
1051520,output_348.txt
1051520,output_1311.txt
1051520,output_457.txt
1048185,output_1325.txt
1047738,output_1543.txt
1047738,output_635.txt
1047738,output_1098.txt
1047738,output_682.txt
1047738,output_40.txt
1047738,output_329.txt
1047738,output_1235.txt
1047738,output_655.txt
1046520,output_1522.txt
1046520,output_774.txt
1046520,output_1507.txt
1046520,output_220.txt
1046520,output_1354.txt
1046520,output_1052.txt
1046520,output_138.txt
1046520,output_581.txt
1046520,output_470.txt
1046520,output_507.txt
1046042,output_654.txt
1046042,output_1184.txt
1046042,output_784.txt
1046042,output_328.txt
1046042,output_73.txt
1046042,output_91.txt
1046042,output_791.txt
1046042,output_1174.txt
1046042,output_1091.txt
1046042,output_421.txt
1045709,output_1529.txt
1045709,output_348.txt
1045709,output_644.txt
1045709,output_390.txt
1045709,output_791.txt
1045709,output_998.txt
1045709,output_80.txt
1045709,output_402.txt
1045709,output_191.txt
1045709,output_1504.txt
1040848,output_1318.txt
1040848,output_1278.txt
1040848,output_831.txt
1040848,output_79.txt
1040848,output_1499.txt
1040848,output_925.txt
1040848,output_421.txt
1040848,output_469.txt
1040848,output_1026.txt
1040848,output_1113.txt
1039728,output_814.txt
1039728,output_746.txt
1039728,output_1153.txt
1039728,output_1080.txt
1039728,output_755.txt
1039728,output_992.txt
1039728,output_391.txt
1039728,output_1152.txt
1039728,output_1239.txt
1039728,output_1009.txt
1099980,output_1003.txt
1099980,output_1110.txt
1099980,output_1274.txt
1099980,output_1012.txt
1099980,output_799.txt
1099980,output_433.txt
1099980,output_120.txt
1099980,output_1050.txt
1099980,output_758.txt
1099980,output_1383.txt
1037872,output_1021.txt
1037872,output_348.txt
1037872,output_496.txt
1037872,output_441.txt
1037872,output_1542.txt
1037872,output_729.txt
1037872,output_793.txt
1037872,output_1260.txt
1037872,output_618.txt
1037872,output_399.txt
1033718,output_568.txt
1033718,output_776.txt
1033718,output_1459.txt
1033718,output_979.txt
1033718,output_334.txt
1033718,output_421.txt
1033718,output_1347.txt
1033718,output_862.txt
1033718,output_631.txt
1033718,output_905.txt
1031861,output_1162.txt
1031861,output_547.txt
1031861,output_1143.txt
1031861,output_79.txt
1031861,output_1194.txt
1031861,output_562.txt
1031861,output_1026.txt
1031861,output_465.txt
1031861,output_905.txt
1031861,output_1099.txt
1029058,output_15.txt
1029058,output_1082.txt
1029058,output_1261.txt
1029058,output_887.txt
1029058,output_133.txt
1029058,output_1297.txt
1029058,output_281.txt
1029058,output_1128.txt
1029058,output_1405.txt
1029058,output_1233.txt
1099805,output_650.txt
1099805,output_331.txt
1099805,output_837.txt
1099805,output_1194.txt
1099805,output_672.txt
1099805,output_1497.txt
1099805,output_1216.txt
1099805,output_1207.txt
1099805,output_922.txt
1099805,output_1145.txt
1024069,output_1156.txt
1024069,output_220.txt
1024069,output_281.txt
1024069,output_791.txt
1024069,output_1024.txt
1024069,output_37.txt
1024069,output_845.txt
1024069,output_621.txt
1024069,output_910.txt
1024069,output_15.txt
1022907,output_998.txt
1022907,output_476.txt
1022907,output_791.txt
1022907,output_281.txt
1022907,output_220.txt
1022907,output_803.txt
1022907,output_1507.txt
1022907,output_644.txt
1022907,output_348.txt
1022907,output_176.txt
1020724,output_839.txt
1020724,output_581.txt
1020724,output_976.txt
1020724,output_905.txt
1020724,output_1048.txt
1020724,output_552.txt
1020724,output_853.txt
1020724,output_473.txt
1020724,output_421.txt
1020724,output_862.txt
1019262,output_1509.txt
1019262,output_354.txt
1019262,output_1376.txt
1019262,output_825.txt
1019262,output_343.txt
1019262,output_1066.txt
1019262,output_1360.txt
1019262,output_117.txt
1019262,output_917.txt
1019262,output_743.txt
1018032,output_969.txt
1018032,output_233.txt
1018032,output_386.txt
1018032,output_147.txt
1018032,output_1194.txt
1018032,output_459.txt
1018032,output_1074.txt
1018032,output_850.txt
1018032,output_1482.txt
1018032,output_771.txt
1009724,output_807.txt
1009724,output_519.txt
1009724,output_286.txt
1009724,output_1154.txt
1009724,output_1542.txt
1009724,output_799.txt
1009724,output_597.txt
1009724,output_579.txt
1009724,output_1495.txt
1009724,output_120.txt
1003351,output_791.txt
1003351,output_1366.txt
1003351,output_1156.txt
1003351,output_220.txt
1003351,output_666.txt
1003351,output_566.txt
1003351,output_562.txt
1003351,output_466.txt
1003351,output_281.txt
1003351,output_407.txt
998646,output_242.txt
998646,output_672.txt
998646,output_1162.txt
998646,output_547.txt
998646,output_830.txt
998646,output_1149.txt
998646,output_905.txt
998646,output_1143.txt
998646,output_909.txt
998646,output_1048.txt
996414,output_748.txt
996414,output_763.txt
996414,output_130.txt
996414,output_895.txt
996414,output_640.txt
996414,output_123.txt
996414,output_1054.txt
996414,output_409.txt
996414,output_1143.txt
996414,output_320.txt
994397,output_1261.txt
994397,output_1156.txt
994397,output_1092.txt
994397,output_843.txt
994397,output_220.txt
994397,output_1342.txt
994397,output_942.txt
994397,output_1053.txt
994397,output_970.txt
994397,output_812.txt
1099217,output_1402.txt
1099217,output_1506.txt
1099217,output_353.txt
1099217,output_910.txt
1099217,output_371.txt
1099217,output_630.txt
1099217,output_989.txt
1099217,output_998.txt
1099217,output_304.txt
1099217,output_831.txt
993320,output_601.txt
993320,output_942.txt
993320,output_633.txt
993320,output_595.txt
993320,output_966.txt
993320,output_817.txt
993320,output_738.txt
993320,output_155.txt
993320,output_1522.txt
993320,output_978.txt
993178,output_470.txt
993178,output_791.txt
993178,output_208.txt
993178,output_957.txt
993178,output_1092.txt
993178,output_581.txt
993178,output_419.txt
993178,output_680.txt
993178,output_458.txt
993178,output_1507.txt
992946,output_466.txt
992946,output_538.txt
992946,output_744.txt
992946,output_799.txt
992946,output_1121.txt
992946,output_749.txt
992946,output_407.txt
992946,output_548.txt
992946,output_644.txt
992946,output_1156.txt
992840,output_1259.txt
992840,output_1417.txt
992840,output_1233.txt
992840,output_791.txt
992840,output_421.txt
992840,output_1274.txt
992840,output_469.txt
992840,output_1273.txt
992840,output_1003.txt
992840,output_270.txt
992677,output_226.txt
992677,output_1156.txt
992677,output_1354.txt
992677,output_791.txt
992677,output_1412.txt
992677,output_482.txt
992677,output_141.txt
992677,output_1018.txt
992677,output_220.txt
992677,output_38.txt
992257,output_1413.txt
992257,output_997.txt
992257,output_1469.txt
992257,output_971.txt
992257,output_411.txt
992257,output_1026.txt
992257,output_45.txt
992257,output_157.txt
992257,output_324.txt
992257,output_1143.txt
990841,output_475.txt
990841,output_868.txt
990841,output_1404.txt
990841,output_644.txt
990841,output_538.txt
990841,output_846.txt
990841,output_1458.txt
990841,output_421.txt
990841,output_1221.txt
990841,output_1093.txt
986068,output_1008.txt
986068,output_888.txt
986068,output_676.txt
986068,output_906.txt
986068,output_942.txt
986068,output_562.txt
986068,output_613.txt
986068,output_1458.txt
986068,output_309.txt
986068,output_469.txt
985431,output_1076.txt
985431,output_951.txt
985431,output_309.txt
985431,output_1135.txt
985431,output_1504.txt
985431,output_1129.txt
985431,output_127.txt
985431,output_1026.txt
985431,output_1484.txt
985431,output_100.txt
985173,output_291.txt
985173,output_127.txt
985173,output_799.txt
985173,output_1499.txt
985173,output_218.txt
985173,output_870.txt
985173,output_1529.txt
985173,output_764.txt
985173,output_593.txt
985173,output_348.txt
129837,output_309.txt
129837,output_148.txt
129837,output_1458.txt
129837,output_741.txt
129837,output_80.txt
129837,output_676.txt
129837,output_411.txt
129837,output_654.txt
129837,output_449.txt
129837,output_1305.txt
81993,output_1263.txt
81993,output_1191.txt
81993,output_137.txt
81993,output_317.txt
81993,output_191.txt
81993,output_280.txt
81993,output_1354.txt
81993,output_1473.txt
81993,output_1392.txt
81993,output_453.txt
181394,output_348.txt
181394,output_699.txt
181394,output_1127.txt
181394,output_496.txt
181394,output_1106.txt
181394,output_400.txt
181394,output_653.txt
181394,output_50.txt
181394,output_1003.txt
181394,output_664.txt
244821,output_1409.txt
244821,output_1250.txt
244821,output_240.txt
244821,output_866.txt
244821,output_118.txt
244821,output_1408.txt
244821,output_1474.txt
244821,output_1280.txt
244821,output_1166.txt
244821,output_168.txt
80590,output_1390.txt
80590,output_1231.txt
80590,output_1039.txt
80590,output_241.txt
80590,output_1056.txt
80590,output_1498.txt
80590,output_1163.txt
80590,output_621.txt
80590,output_644.txt
80590,output_685.txt
1098698,output_1409.txt
1098698,output_881.txt
1098698,output_1280.txt
1098698,output_1492.txt
1098698,output_1008.txt
1098698,output_197.txt
1098698,output_926.txt
1098698,output_831.txt
1098698,output_196.txt
1098698,output_1323.txt
172787,output_1166.txt
172787,output_638.txt
172787,output_640.txt
172787,output_699.txt
172787,output_644.txt
172787,output_1409.txt
172787,output_918.txt
172787,output_784.txt
172787,output_1030.txt
172787,output_1283.txt
234998,output_113.txt
234998,output_1174.txt
234998,output_627.txt
234998,output_1473.txt
234998,output_1513.txt
234998,output_401.txt
234998,output_979.txt
234998,output_966.txt
234998,output_1336.txt
234998,output_640.txt
305361,output_1231.txt
305361,output_1390.txt
305361,output_995.txt
305361,output_871.txt
305361,output_197.txt
305361,output_1375.txt
305361,output_138.txt
305361,output_935.txt
305361,output_992.txt
305361,output_471.txt
208339,output_1137.txt
208339,output_80.txt
208339,output_1166.txt
208339,output_925.txt
208339,output_905.txt
208339,output_644.txt
208339,output_1483.txt
208339,output_1472.txt
208339,output_988.txt
208339,output_968.txt
305333,output_1231.txt
305333,output_1390.txt
305333,output_995.txt
305333,output_229.txt
305333,output_871.txt
305333,output_866.txt
305333,output_197.txt
305333,output_1444.txt
305333,output_1375.txt
305333,output_138.txt
278863,output_1130.txt
278863,output_705.txt
278863,output_834.txt
278863,output_175.txt
278863,output_269.txt
278863,output_1426.txt
278863,output_248.txt
278863,output_723.txt
278863,output_473.txt
278863,output_854.txt
209651,output_1153.txt
209651,output_1401.txt
209651,output_80.txt
209651,output_925.txt
209651,output_714.txt
209651,output_988.txt
209651,output_269.txt
209651,output_1166.txt
209651,output_1483.txt
209651,output_1102.txt
1098338,output_51.txt
1098338,output_361.txt
1098338,output_543.txt
1098338,output_418.txt
1098338,output_167.txt
1098338,output_644.txt
1098338,output_1409.txt
1098338,output_242.txt
1098338,output_971.txt
1098338,output_685.txt
85954,output_79.txt
85954,output_1402.txt
85954,output_562.txt
85954,output_365.txt
85954,output_852.txt
85954,output_1143.txt
85954,output_650.txt
85954,output_1194.txt
85954,output_469.txt
85954,output_80.txt
1102028,output_531.txt
1102028,output_1338.txt
1102028,output_1533.txt
1102028,output_960.txt
1102028,output_1199.txt
1102028,output_700.txt
1102028,output_903.txt
1102028,output_823.txt
1102028,output_488.txt
1102028,output_1520.txt
190212,output_599.txt
190212,output_303.txt
190212,output_845.txt
190212,output_940.txt
190212,output_1438.txt
190212,output_709.txt
190212,output_568.txt
190212,output_1226.txt
190212,output_652.txt
190212,output_829.txt
259128,output_644.txt
259128,output_51.txt
259128,output_892.txt
259128,output_1409.txt
259128,output_1008.txt
259128,output_543.txt
259128,output_886.txt
259128,output_815.txt
259128,output_1373.txt
259128,output_25.txt
137411,output_407.txt
137411,output_466.txt
137411,output_1248.txt
137411,output_593.txt
137411,output_1003.txt
137411,output_799.txt
137411,output_558.txt
137411,output_1110.txt
137411,output_1274.txt
137411,output_510.txt
324645,output_140.txt
324645,output_334.txt
324645,output_81.txt
324645,output_367.txt
324645,output_293.txt
324645,output_717.txt
324645,output_80.txt
324645,output_489.txt
324645,output_1026.txt
324645,output_620.txt
76770,output_538.txt
76770,output_466.txt
76770,output_621.txt
76770,output_942.txt
76770,output_910.txt
76770,output_749.txt
76770,output_407.txt
76770,output_1101.txt
76770,output_744.txt
76770,output_1506.txt
234165,output_492.txt
234165,output_427.txt
234165,output_150.txt
234165,output_1409.txt
234165,output_1361.txt
234165,output_570.txt
234165,output_806.txt
234165,output_227.txt
234165,output_1156.txt
234165,output_159.txt
326509,output_923.txt
326509,output_473.txt
326509,output_1251.txt
326509,output_1412.txt
326509,output_875.txt
326509,output_825.txt
326509,output_141.txt
326509,output_226.txt
326509,output_1384.txt
326509,output_1396.txt
236427,output_304.txt
236427,output_1513.txt
236427,output_46.txt
236427,output_989.txt
236427,output_401.txt
236427,output_979.txt
236427,output_924.txt
236427,output_1084.txt
236427,output_1364.txt
236427,output_1310.txt
46095,output_886.txt
46095,output_838.txt
46095,output_3.txt
46095,output_461.txt
46095,output_448.txt
46095,output_339.txt
46095,output_900.txt
46095,output_977.txt
46095,output_221.txt
46095,output_631.txt
196596,output_482.txt
196596,output_1354.txt
196596,output_90.txt
196596,output_556.txt
196596,output_435.txt
196596,output_712.txt
196596,output_220.txt
196596,output_602.txt
196596,output_680.txt
196596,output_212.txt
1097469,output_802.txt
1097469,output_94.txt
1097469,output_1087.txt
1097469,output_1351.txt
1097469,output_497.txt
1097469,output_923.txt
1097469,output_287.txt
1097469,output_762.txt
1097469,output_550.txt
1097469,output_968.txt
406576,output_600.txt
406576,output_1459.txt
406576,output_650.txt
406576,output_421.txt
406576,output_716.txt
406576,output_918.txt
406576,output_994.txt
406576,output_1311.txt
406576,output_652.txt
406576,output_1178.txt
463373,output_799.txt
463373,output_259.txt
463373,output_7.txt
463373,output_879.txt
463373,output_1291.txt
463373,output_478.txt
463373,output_721.txt
463373,output_992.txt
463373,output_1375.txt
463373,output_871.txt
577813,output_259.txt
577813,output_1048.txt
577813,output_976.txt
577813,output_895.txt
577813,output_905.txt
577813,output_862.txt
577813,output_272.txt
577813,output_1126.txt
577813,output_701.txt
577813,output_1127.txt
569674,output_291.txt
569674,output_716.txt
569674,output_879.txt
569674,output_127.txt
569674,output_1529.txt
569674,output_505.txt
569674,output_1083.txt
569674,output_205.txt
569674,output_150.txt
569674,output_1026.txt
669979,output_444.txt
669979,output_657.txt
669979,output_536.txt
669979,output_210.txt
669979,output_118.txt
669979,output_260.txt
669979,output_745.txt
669979,output_256.txt
669979,output_120.txt
669979,output_1347.txt
648877,output_1323.txt
648877,output_532.txt
648877,output_1544.txt
648877,output_196.txt
648877,output_881.txt
648877,output_1405.txt
648877,output_970.txt
648877,output_536.txt
648877,output_210.txt
648877,output_1326.txt
528760,output_614.txt
528760,output_1501.txt
528760,output_483.txt
528760,output_452.txt
528760,output_445.txt
528760,output_387.txt
528760,output_286.txt
528760,output_1059.txt
528760,output_202.txt
528760,output_1060.txt
709936,output_1429.txt
709936,output_275.txt
709936,output_1534.txt
709936,output_56.txt
709936,output_202.txt
709936,output_1317.txt
709936,output_286.txt
709936,output_1375.txt
709936,output_1480.txt
709936,output_603.txt
523952,output_1107.txt
523952,output_1012.txt
523952,output_958.txt
523952,output_120.txt
523952,output_71.txt
523952,output_1224.txt
523952,output_83.txt
523952,output_1003.txt
523952,output_348.txt
523952,output_1391.txt
1097118,output_56.txt
1097118,output_418.txt
1097118,output_984.txt
1097118,output_237.txt
1097118,output_492.txt
1097118,output_644.txt
1097118,output_88.txt
1097118,output_193.txt
1097118,output_573.txt
1097118,output_302.txt
261098,output_1143.txt
261098,output_1409.txt
261098,output_353.txt
261098,output_1385.txt
261098,output_644.txt
261098,output_79.txt
261098,output_459.txt
261098,output_784.txt
261098,output_951.txt
261098,output_566.txt
1096998,output_559.txt
1096998,output_1458.txt
1096998,output_389.txt
1096998,output_1094.txt
1096998,output_180.txt
1096998,output_1283.txt
1096998,output_905.txt
1096998,output_801.txt
1096998,output_105.txt
1096998,output_252.txt
454258,output_718.txt
454258,output_161.txt
454258,output_821.txt
454258,output_580.txt
454258,output_1103.txt
454258,output_473.txt
454258,output_687.txt
454258,output_1246.txt
454258,output_1145.txt
454258,output_405.txt
554511,output_1312.txt
554511,output_348.txt
554511,output_1237.txt
554511,output_1424.txt
554511,output_950.txt
554511,output_1505.txt
554511,output_1021.txt
554511,output_504.txt
554511,output_48.txt
554511,output_309.txt
1096787,output_1411.txt
1096787,output_469.txt
1096787,output_1143.txt
1096787,output_1164.txt
1096787,output_80.txt
1096787,output_1249.txt
1096787,output_1341.txt
1096787,output_644.txt
1096787,output_1166.txt
1096787,output_278.txt
415165,output_534.txt
415165,output_1143.txt
415165,output_351.txt
415165,output_878.txt
415165,output_282.txt
415165,output_1451.txt
415165,output_971.txt
415165,output_1048.txt
415165,output_779.txt
415165,output_1331.txt
626232,output_1323.txt
626232,output_532.txt
626232,output_1405.txt
626232,output_196.txt
626232,output_1544.txt
626232,output_881.txt
626232,output_970.txt
626232,output_976.txt
626232,output_1076.txt
626232,output_1488.txt
484551,output_771.txt
484551,output_1249.txt
484551,output_1003.txt
484551,output_1110.txt
484551,output_1274.txt
484551,output_1012.txt
484551,output_730.txt
484551,output_696.txt
484551,output_799.txt
484551,output_990.txt
660534,output_829.txt
660534,output_517.txt
660534,output_840.txt
660534,output_1165.txt
660534,output_813.txt
660534,output_1024.txt
660534,output_1405.txt
660534,output_800.txt
660534,output_709.txt
660534,output_989.txt
399617,output_1401.txt
399617,output_788.txt
399617,output_741.txt
399617,output_562.txt
399617,output_80.txt
399617,output_309.txt
399617,output_699.txt
399617,output_1097.txt
399617,output_1048.txt
399617,output_976.txt
453705,output_536.txt
453705,output_210.txt
453705,output_118.txt
453705,output_260.txt
453705,output_745.txt
453705,output_256.txt
453705,output_1347.txt
453705,output_134.txt
453705,output_349.txt
453705,output_294.txt
282214,output_1411.txt
282214,output_1249.txt
282214,output_222.txt
282214,output_159.txt
282214,output_586.txt
282214,output_1194.txt
282214,output_748.txt
282214,output_1143.txt
282214,output_1440.txt
282214,output_79.txt
749955,output_800.txt
749955,output_993.txt
749955,output_382.txt
749955,output_774.txt
749955,output_1407.txt
749955,output_621.txt
749955,output_635.txt
749955,output_1444.txt
749955,output_390.txt
749955,output_137.txt
506985,output_1489.txt
506985,output_84.txt
506985,output_1528.txt
506985,output_251.txt
506985,output_581.txt
506985,output_209.txt
506985,output_621.txt
506985,output_1233.txt
506985,output_813.txt
506985,output_880.txt
662436,output_1276.txt
662436,output_501.txt
662436,output_1109.txt
662436,output_1161.txt
662436,output_488.txt
662436,output_537.txt
662436,output_1417.txt
662436,output_280.txt
662436,output_675.txt
662436,output_13.txt
652556,output_122.txt
652556,output_729.txt
652556,output_1012.txt
652556,output_1136.txt
652556,output_803.txt
652556,output_1247.txt
652556,output_700.txt
697780,output_1187.txt
697780,output_337.txt
697780,output_1482.txt
697780,output_292.txt
697780,output_137.txt
697780,output_1401.txt
697780,output_765.txt
697780,output_1103.txt
697780,output_390.txt
697780,output_609.txt
478295,output_1151.txt
478295,output_1054.txt
478295,output_366.txt
478295,output_728.txt
478295,output_783.txt
478295,output_416.txt
478295,output_1081.txt
478295,output_525.txt
478295,output_703.txt
478295,output_386.txt
463635,output_470.txt
463635,output_1489.txt
463635,output_251.txt
463635,output_281.txt
463635,output_209.txt
463635,output_621.txt
463635,output_813.txt
463635,output_880.txt
463635,output_1552.txt
463635,output_1290.txt
758901,output_202.txt
758901,output_1007.txt
758901,output_881.txt
758901,output_1318.txt
758901,output_825.txt
758901,output_1354.txt
758901,output_1154.txt
758901,output_1385.txt
758901,output_287.txt
758901,output_145.txt
77424,output_552.txt
77424,output_1124.txt
77424,output_380.txt
77424,output_1263.txt
77424,output_344.txt
77424,output_1425.txt
77424,output_978.txt
77424,output_1502.txt
77424,output_385.txt
77424,output_1225.txt
1095955,output_1066.txt
1095955,output_117.txt
1095955,output_672.txt
1095955,output_3.txt
1095955,output_623.txt
1095955,output_1143.txt
1095955,output_905.txt
1095955,output_1156.txt
1095955,output_1080.txt
1095955,output_815.txt
481297,output_1375.txt
481297,output_638.txt
481297,output_446.txt
481297,output_967.txt
481297,output_705.txt
481297,output_1154.txt
481297,output_78.txt
481297,output_194.txt
481297,output_1529.txt
481297,output_1146.txt
525534,output_769.txt
525534,output_21.txt
525534,output_727.txt
525534,output_1456.txt
525534,output_1436.txt
525534,output_473.txt
525534,output_354.txt
525534,output_1499.txt
525534,output_1540.txt
525534,output_1226.txt
1095807,output_1097.txt
1095807,output_227.txt
1095807,output_504.txt
1095807,output_1517.txt
1095807,output_81.txt
1095807,output_381.txt
1095807,output_48.txt
1095807,output_1026.txt
1095807,output_959.txt
1095807,output_463.txt
733510,output_621.txt
733510,output_46.txt
733510,output_999.txt
733510,output_1545.txt
733510,output_791.txt
733510,output_566.txt
733510,output_281.txt
733510,output_511.txt
733510,output_1507.txt
733510,output_1213.txt
508855,output_991.txt
508855,output_1056.txt
508855,output_881.txt
508855,output_938.txt
508855,output_1068.txt
508855,output_328.txt
508855,output_209.txt
508855,output_487.txt
508855,output_229.txt
508855,output_866.txt
108037,output_1375.txt
108037,output_992.txt
108037,output_871.txt
108037,output_935.txt
108037,output_471.txt
108037,output_1193.txt
108037,output_519.txt
108037,output_297.txt
108037,output_348.txt
108037,output_1026.txt
575146,output_998.txt
575146,output_791.txt
575146,output_476.txt
575146,output_220.txt
575146,output_281.txt
575146,output_803.txt
575146,output_1507.txt
575146,output_46.txt
575146,output_801.txt
575146,output_680.txt
1095654,output_81.txt
1095654,output_104.txt
1095654,output_1026.txt
1095654,output_489.txt
1095654,output_601.txt
1095654,output_978.txt
1095654,output_1111.txt
1095654,output_524.txt
1095654,output_940.txt
1095654,output_640.txt
524447,output_1326.txt
524447,output_581.txt
524447,output_138.txt
524447,output_281.txt
524447,output_1102.txt
524447,output_1506.txt
524447,output_573.txt
524447,output_1492.txt
524447,output_563.txt
524447,output_1338.txt
658372,output_941.txt
658372,output_1079.txt
658372,output_9.txt
658372,output_1299.txt
658372,output_1143.txt
658372,output_839.txt
658372,output_1194.txt
658372,output_79.txt
658372,output_562.txt
658372,output_728.txt
581801,output_887.txt
581801,output_138.txt
581801,output_910.txt
581801,output_989.txt
581801,output_1192.txt
581801,output_1507.txt
581801,output_522.txt
581801,output_581.txt
581801,output_533.txt
581801,output_1506.txt
744092,output_209.txt
744092,output_813.txt
744092,output_880.txt
744092,output_251.txt
744092,output_1552.txt
744092,output_239.txt
744092,output_1534.txt
744092,output_435.txt
744092,output_1092.txt
744092,output_573.txt
415815,output_1145.txt
415815,output_881.txt
415815,output_927.txt
415815,output_879.txt
415815,output_822.txt
415815,output_374.txt
415815,output_516.txt
415815,output_1106.txt
415815,output_1284.txt
415815,output_1517.txt
754113,output_673.txt
754113,output_790.txt
754113,output_242.txt
754113,output_800.txt
754113,output_970.txt
754113,output_382.txt
754113,output_79.txt
754113,output_111.txt
754113,output_924.txt
754113,output_1026.txt
701663,output_80.txt
701663,output_1501.txt
701663,output_955.txt
2235,output_1114.txt
2235,output_1054.txt
2235,output_1440.txt
2235,output_700.txt
2235,output_671.txt
2235,output_580.txt
2235,output_73.txt
2235,output_1378.txt
2235,output_405.txt
2235,output_79.txt
274175,output_234.txt
274175,output_295.txt
274175,output_1257.txt
274175,output_259.txt
274175,output_874.txt
274175,output_1402.txt
274175,output_79.txt
274175,output_1346.txt
274175,output_1482.txt
274175,output_120.txt
1094996,output_207.txt
1094996,output_716.txt
1094996,output_1159.txt
1094996,output_677.txt
1094996,output_1413.txt
1094996,output_871.txt
1094996,output_1453.txt
1094996,output_263.txt
1094996,output_461.txt
1094996,output_215.txt
391125,output_1296.txt
391125,output_1410.txt
391125,output_139.txt
391125,output_696.txt
391125,output_577.txt
391125,output_1392.txt
391125,output_397.txt
391125,output_1473.txt
391125,output_1211.txt
391125,output_365.txt
752700,output_509.txt
752700,output_1038.txt
752700,output_799.txt
752700,output_117.txt
752700,output_1222.txt
752700,output_1376.txt
752700,output_1360.txt
752700,output_1189.txt
752700,output_1459.txt
752700,output_388.txt
580450,output_1315.txt
580450,output_697.txt
580450,output_1550.txt
580450,output_241.txt
580450,output_1154.txt
580450,output_1171.txt
580450,output_30.txt
580450,output_1388.txt
580450,output_986.txt
580450,output_576.txt
661076,output_1131.txt
661076,output_553.txt
661076,output_568.txt
661076,output_968.txt
661076,output_829.txt
661076,output_1165.txt
661076,output_652.txt
661076,output_709.txt
661076,output_475.txt
661076,output_989.txt
722352,output_967.txt
722352,output_767.txt
722352,output_1110.txt
722352,output_681.txt
722352,output_441.txt
722352,output_913.txt
722352,output_203.txt
722352,output_1346.txt
722352,output_1026.txt
722352,output_1521.txt
138266,output_176.txt
138266,output_799.txt
138266,output_448.txt
138266,output_339.txt
138266,output_461.txt
138266,output_867.txt
138266,output_572.txt
138266,output_351.txt
138266,output_622.txt
138266,output_1535.txt
559009,output_1222.txt
559009,output_64.txt
559009,output_481.txt
559009,output_1078.txt
559009,output_776.txt
559009,output_1459.txt
559009,output_421.txt
528117,output_857.txt
528117,output_483.txt
528117,output_38.txt
528117,output_544.txt
528117,output_622.txt
528117,output_560.txt
528117,output_1453.txt
528117,output_590.txt
528117,output_345.txt
528117,output_1146.txt
689700,output_237.txt
689700,output_1356.txt
689700,output_984.txt
689700,output_88.txt
689700,output_644.txt
689700,output_418.txt
689700,output_302.txt
689700,output_160.txt
689700,output_599.txt
689700,output_1188.txt
549135,output_1447.txt
549135,output_1084.txt
549135,output_1265.txt
549135,output_1326.txt
549135,output_994.txt
549135,output_62.txt
549135,output_1102.txt
549135,output_37.txt
549135,output_1082.txt
549135,output_1127.txt
633635,output_1282.txt
633635,output_517.txt
633635,output_1024.txt
633635,output_523.txt
633635,output_605.txt
633635,output_1070.txt
633635,output_1101.txt
633635,output_938.txt
633635,output_1474.txt
633635,output_281.txt
639545,output_640.txt
639545,output_390.txt
639545,output_1444.txt
639545,output_395.txt
639545,output_445.txt
639545,output_1004.txt
639545,output_172.txt
639545,output_453.txt
639545,output_1473.txt
639545,output_955.txt
453851,output_433.txt
453851,output_921.txt
453851,output_1499.txt
453851,output_1026.txt
453851,output_469.txt
453851,output_9.txt
453851,output_79.txt
453851,output_1180.txt
453851,output_1003.txt
453851,output_80.txt
1094605,output_595.txt
1094605,output_390.txt
1094605,output_993.txt
1094605,output_983.txt
1094605,output_387.txt
1094605,output_1508.txt
1094605,output_466.txt
1094605,output_749.txt
1094605,output_201.txt
1094605,output_663.txt
1094578,output_1375.txt
1094578,output_1232.txt
1094578,output_103.txt
1094578,output_1270.txt
1094578,output_194.txt
1094578,output_1397.txt
1094578,output_967.txt
1094578,output_992.txt
1094578,output_1554.txt
1094578,output_1193.txt
6791,output_535.txt
6791,output_1224.txt
6791,output_543.txt
6791,output_701.txt
6791,output_1347.txt
6791,output_240.txt
6791,output_536.txt
6791,output_62.txt
6791,output_492.txt
6791,output_1391.txt
473935,output_791.txt
473935,output_80.txt
473935,output_1110.txt
473935,output_1003.txt
473935,output_267.txt
473935,output_1274.txt
473935,output_1461.txt
473935,output_309.txt
473935,output_1260.txt
473935,output_1012.txt
563995,output_222.txt
563995,output_432.txt
563995,output_70.txt
563995,output_1216.txt
563995,output_1178.txt
563995,output_862.txt
563995,output_1063.txt
563995,output_488.txt
563995,output_699.txt
563995,output_1161.txt
1101670,output_180.txt
1101670,output_112.txt
1101670,output_748.txt
1101670,output_793.txt
1101670,output_25.txt
1101670,output_309.txt
1101670,output_1278.txt
1101670,output_1347.txt
1101670,output_1182.txt
1101670,output_636.txt
21948,output_953.txt
21948,output_1349.txt
21948,output_466.txt
21948,output_1156.txt
21948,output_1443.txt
21948,output_348.txt
21948,output_1309.txt
21948,output_407.txt
21948,output_1440.txt
21948,output_492.txt
138223,output_1003.txt
138223,output_1110.txt
138223,output_1274.txt
138223,output_38.txt
138223,output_1012.txt
138223,output_799.txt
138223,output_433.txt
138223,output_120.txt
138223,output_1050.txt
138223,output_758.txt
563771,output_1471.txt
563771,output_23.txt
563771,output_537.txt
563771,output_381.txt
563771,output_1449.txt
563771,output_242.txt
563771,output_985.txt
563771,output_1174.txt
563771,output_493.txt
563771,output_959.txt
473394,output_935.txt
473394,output_767.txt
473394,output_699.txt
473394,output_1363.txt
473394,output_450.txt
473394,output_352.txt
473394,output_339.txt
473394,output_1256.txt
473394,output_448.txt
473394,output_488.txt
1093926,output_531.txt
1093926,output_823.txt
1093926,output_1533.txt
1093926,output_488.txt
1093926,output_960.txt
1093926,output_1448.txt
1093926,output_1199.txt
1093926,output_1338.txt
1093926,output_903.txt
1093926,output_1305.txt
605648,output_1034.txt
605648,output_1272.txt
605648,output_748.txt
605648,output_650.txt
605648,output_974.txt
605648,output_493.txt
605648,output_1042.txt
605648,output_227.txt
605648,output_605.txt
605648,output_1161.txt
982481,output_707.txt
939473,output_40.txt
939473,output_1357.txt
939473,output_147.txt
939473,output_1173.txt
939473,output_768.txt
939473,output_644.txt
939473,output_699.txt
939473,output_489.txt
939473,output_621.txt
939473,output_1000.txt
853057,output_164.txt
853057,output_492.txt
853057,output_1007.txt
853057,output_1318.txt
853057,output_1470.txt
853057,output_668.txt
853057,output_137.txt
853057,output_1550.txt
853057,output_250.txt
853057,output_1114.txt
29612,output_1481.txt
29612,output_676.txt
29612,output_654.txt
29612,output_449.txt
29612,output_1260.txt
29612,output_137.txt
29612,output_1012.txt
29612,output_899.txt
29612,output_863.txt
29612,output_951.txt
1093698,output_621.txt
1093698,output_60.txt
1093698,output_209.txt
1093698,output_644.txt
1093698,output_880.txt
1093698,output_1213.txt
1093698,output_813.txt
1093698,output_251.txt
1093698,output_1552.txt
1093698,output_239.txt
942221,output_873.txt
942221,output_785.txt
942221,output_1195.txt
942221,output_1472.txt
942221,output_1544.txt
942221,output_601.txt
942221,output_1166.txt
942221,output_259.txt
942221,output_85.txt
942221,output_131.txt
913509,output_1156.txt
913509,output_1024.txt
913509,output_37.txt
913509,output_281.txt
913509,output_1119.txt
913509,output_829.txt
913509,output_910.txt
913509,output_1405.txt
913509,output_15.txt
913509,output_791.txt
230725,output_493.txt
230725,output_393.txt
230725,output_1086.txt
230725,output_1470.txt
230725,output_1330.txt
230725,output_390.txt
230725,output_451.txt
230725,output_547.txt
230725,output_774.txt
230725,output_1533.txt
1093552,output_1485.txt
1093552,output_1276.txt
1093552,output_176.txt
1093552,output_754.txt
1093552,output_1547.txt
1093552,output_1083.txt
1093552,output_342.txt
1093552,output_1102.txt
1093552,output_718.txt
1093552,output_1358.txt
899869,output_910.txt
899869,output_1506.txt
899869,output_281.txt
899869,output_1156.txt
899869,output_1024.txt
899869,output_37.txt
899869,output_138.txt
899869,output_1192.txt
899869,output_630.txt
899869,output_1402.txt
1093349,output_654.txt
1093349,output_250.txt
1093349,output_676.txt
1093349,output_541.txt
1093349,output_1505.txt
1093349,output_449.txt
1093349,output_1260.txt
1093349,output_137.txt
1093349,output_390.txt
1093349,output_1026.txt
804103,output_719.txt
804103,output_492.txt
804103,output_1221.txt
804103,output_1518.txt
804103,output_349.txt
804103,output_644.txt
804103,output_562.txt
804103,output_1143.txt
804103,output_793.txt
804103,output_700.txt
813675,output_21.txt
813675,output_348.txt
813675,output_1499.txt
813675,output_205.txt
813675,output_1540.txt
813675,output_1178.txt
813675,output_1176.txt
813675,output_817.txt
813675,output_868.txt
813675,output_80.txt
1093238,output_311.txt
1093238,output_1180.txt
1093238,output_1082.txt
1093238,output_800.txt
1093238,output_829.txt
1093238,output_673.txt
1093238,output_681.txt
1093238,output_341.txt
1093238,output_340.txt
1093238,output_918.txt
891082,output_138.txt
891082,output_910.txt
891082,output_887.txt
891082,output_989.txt
891082,output_1192.txt
891082,output_487.txt
891082,output_533.txt
891082,output_522.txt
891082,output_838.txt
891082,output_877.txt
321918,output_1524.txt
321918,output_259.txt
321918,output_721.txt
321918,output_1516.txt
321918,output_478.txt
321918,output_640.txt
321918,output_409.txt
321918,output_175.txt
321918,output_81.txt
321918,output_871.txt
983438,output_1143.txt
109647,output_1375.txt
109647,output_446.txt
109647,output_1159.txt
109647,output_900.txt
109647,output_967.txt
109647,output_705.txt
109647,output_519.txt
109647,output_1154.txt
109647,output_194.txt
109647,output_1166.txt
1046952,output_1062.txt
1046952,output_1026.txt
1046952,output_62.txt
1046952,output_881.txt
1046952,output_967.txt
1046952,output_1130.txt
1046952,output_839.txt
1046952,output_459.txt
1046952,output_222.txt
1046952,output_42.txt
872347,output_204.txt
872347,output_27.txt
872347,output_672.txt
872347,output_1288.txt
872347,output_546.txt
872347,output_1184.txt
872347,output_80.txt
872347,output_669.txt
872347,output_367.txt
872347,output_390.txt
788702,output_978.txt
788702,output_1392.txt
788702,output_124.txt
803599,output_1440.txt
803599,output_79.txt
803599,output_671.txt
803599,output_580.txt
803599,output_700.txt
803599,output_1378.txt
803599,output_405.txt
803599,output_1465.txt
803599,output_562.txt
803599,output_578.txt
362016,output_1270.txt
362016,output_1478.txt
362016,output_1373.txt
362016,output_1344.txt
362016,output_762.txt
362016,output_849.txt
362016,output_1243.txt
362016,output_65.txt
362016,output_625.txt
362016,output_1349.txt
841521,output_310.txt
841521,output_912.txt
841521,output_953.txt
841521,output_281.txt
841521,output_562.txt
841521,output_1076.txt
841521,output_791.txt
841521,output_80.txt
841521,output_309.txt
841521,output_1239.txt
958311,output_748.txt
958311,output_456.txt
958311,output_180.txt
958311,output_806.txt
958311,output_916.txt
958311,output_646.txt
958311,output_1472.txt
958311,output_1249.txt
958311,output_465.txt
958311,output_805.txt
1092978,output_536.txt
1092978,output_210.txt
1092978,output_118.txt
1092978,output_282.txt
1092978,output_260.txt
1092978,output_280.txt
1092978,output_745.txt
1092978,output_256.txt
1092978,output_1347.txt
1092978,output_134.txt
1037104,output_1407.txt
1037104,output_431.txt
1037104,output_1292.txt
1037104,output_320.txt
1037104,output_222.txt
920717,output_455.txt
920717,output_1250.txt
920717,output_562.txt
920717,output_791.txt
920717,output_389.txt
920717,output_621.txt
920717,output_1163.txt
920717,output_9.txt
920717,output_644.txt
920717,output_281.txt
810324,output_1405.txt
810324,output_845.txt
810324,output_816.txt
810324,output_209.txt
810324,output_766.txt
810324,output_281.txt
810324,output_16.txt
810324,output_562.txt
810324,output_880.txt
810324,output_1158.txt
1037826,output_180.txt
1037826,output_1528.txt
1037826,output_1331.txt
1037826,output_222.txt
1037826,output_747.txt
1037826,output_1143.txt
1037826,output_183.txt
1037826,output_1194.txt
1037826,output_1485.txt
1037826,output_289.txt
1092822,output_1029.txt
1092822,output_281.txt
1092822,output_791.txt
1092822,output_1489.txt
1092822,output_621.txt
1092822,output_42.txt
1092822,output_80.txt
1092822,output_1100.txt
1092822,output_1026.txt
1092822,output_1240.txt
839137,output_174.txt
839137,output_175.txt
839137,output_857.txt
839137,output_700.txt
839137,output_436.txt
839137,output_342.txt
839137,output_366.txt
839137,output_690.txt
839137,output_1171.txt
839137,output_703.txt
929046,output_1332.txt
929046,output_309.txt
929046,output_1413.txt
929046,output_1545.txt
929046,output_1026.txt
929046,output_935.txt
929046,output_868.txt
929046,output_418.txt
929046,output_461.txt
929046,output_488.txt
111377,output_1378.txt
111377,output_974.txt
111377,output_992.txt
111377,output_1026.txt
111377,output_799.txt
111377,output_1375.txt
111377,output_405.txt
111377,output_871.txt
111377,output_935.txt
111377,output_471.txt
1092715,output_921.txt
1092715,output_433.txt
1092715,output_469.txt
1092715,output_9.txt
1092715,output_79.txt
1092715,output_1180.txt
1092715,output_1003.txt
1092715,output_986.txt
1092715,output_1499.txt
1092715,output_1227.txt
897789,output_40.txt
897789,output_1357.txt
897789,output_147.txt
897789,output_768.txt
897789,output_1173.txt
897789,output_699.txt
897789,output_644.txt
897789,output_621.txt
897789,output_489.txt
897789,output_1000.txt
1026372,output_581.txt
1026372,output_967.txt
1026372,output_1130.txt
1026372,output_1164.txt
1026372,output_1351.txt
1026372,output_175.txt
1026372,output_123.txt
1026372,output_1140.txt
1026372,output_244.txt
1026372,output_834.txt
1092474,output_152.txt
1092474,output_455.txt
1092474,output_1250.txt
1092474,output_695.txt
1092474,output_392.txt
1092474,output_82.txt
1092474,output_621.txt
1092474,output_827.txt
1092474,output_336.txt
1092474,output_389.txt
914707,output_138.txt
914707,output_581.txt
914707,output_887.txt
914707,output_483.txt
914707,output_38.txt
914707,output_544.txt
914707,output_622.txt
914707,output_560.txt
914707,output_1453.txt
914707,output_590.txt
370316,output_117.txt
370316,output_159.txt
370316,output_303.txt
370316,output_436.txt
370316,output_429.txt
370316,output_1066.txt
370316,output_1509.txt
370316,output_162.txt
370316,output_1360.txt
370316,output_1134.txt
1092416,output_536.txt
1092416,output_210.txt
1092416,output_118.txt
1092416,output_260.txt
1092416,output_745.txt
1092416,output_754.txt
1092416,output_256.txt
1092416,output_1347.txt
1092416,output_134.txt
1092416,output_349.txt
255633,output_469.txt
255633,output_926.txt
255633,output_1409.txt
255633,output_309.txt
255633,output_1437.txt
255633,output_1026.txt
255633,output_1008.txt
255633,output_644.txt
255633,output_562.txt
255633,output_1143.txt
1092327,output_1233.txt
1092327,output_1504.txt
1092327,output_951.txt
1092327,output_644.txt
1092327,output_1499.txt
1092327,output_784.txt
1092327,output_1075.txt
1092327,output_242.txt
1092327,output_1026.txt
1092327,output_1534.txt
872632,output_27.txt
872632,output_204.txt
872632,output_1288.txt
872632,output_669.txt
872632,output_390.txt
872632,output_1184.txt
872632,output_1107.txt
872632,output_546.txt
872632,output_367.txt
872632,output_140.txt
1092237,output_790.txt
1092237,output_800.txt
1092237,output_673.txt
1092237,output_652.txt
1092237,output_1534.txt
1092237,output_220.txt
1092237,output_951.txt
1092237,output_56.txt
1092237,output_812.txt
1092237,output_970.txt
902919,output_1002.txt
902919,output_304.txt
902919,output_1513.txt
902919,output_46.txt
902919,output_401.txt
902919,output_979.txt
902919,output_1364.txt
902919,output_1310.txt
902919,output_19.txt
902919,output_634.txt
1092203,output_140.txt
1092203,output_1026.txt
1092203,output_50.txt
1092203,output_867.txt
1092203,output_191.txt
1092203,output_448.txt
1092203,output_461.txt
1092203,output_145.txt
1092203,output_1499.txt
1092203,output_799.txt
917536,output_164.txt
917536,output_1007.txt
917536,output_1318.txt
917536,output_809.txt
917536,output_668.txt
917536,output_137.txt
917536,output_1550.txt
917536,output_1308.txt
917536,output_219.txt
917536,output_73.txt
820899,output_570.txt
820899,output_676.txt
820899,output_222.txt
820899,output_1450.txt
820899,output_1005.txt
820899,output_297.txt
820899,output_157.txt
820899,output_1186.txt
820899,output_1202.txt
820899,output_569.txt
1042399,output_1451.txt
1042399,output_629.txt
1042399,output_801.txt
1042399,output_714.txt
1042399,output_395.txt
1042399,output_190.txt
1042399,output_1458.txt
1042399,output_905.txt
1042399,output_1176.txt
1042399,output_948.txt
813899,output_1272.txt
813899,output_650.txt
813899,output_1097.txt
813899,output_493.txt
813899,output_504.txt
813899,output_974.txt
813899,output_605.txt
813899,output_1517.txt
813899,output_488.txt
813899,output_1161.txt
906126,output_140.txt
906126,output_377.txt
906126,output_334.txt
906126,output_367.txt
906126,output_293.txt
906126,output_459.txt
906126,output_620.txt
906126,output_702.txt
906126,output_1338.txt
906126,output_717.txt
1006987,output_1440.txt
1006987,output_707.txt
1006987,output_922.txt
1006987,output_783.txt
1006987,output_858.txt
1006987,output_1351.txt
1006987,output_339.txt
1006987,output_820.txt
1006987,output_79.txt
1006987,output_547.txt
982348,output_488.txt
982348,output_299.txt
982348,output_894.txt
982348,output_351.txt
982348,output_674.txt
982348,output_887.txt
982348,output_387.txt
982348,output_137.txt
1091643,output_1478.txt
1091643,output_1373.txt
1091643,output_1344.txt
1091643,output_762.txt
1091643,output_1243.txt
1091643,output_849.txt
1091643,output_625.txt
1091643,output_1270.txt
1091643,output_65.txt
1091643,output_1420.txt
770604,output_79.txt
770604,output_318.txt
770604,output_788.txt
770604,output_784.txt
770604,output_1194.txt
770604,output_898.txt
770604,output_832.txt
770604,output_489.txt
770604,output_137.txt
770604,output_421.txt
834848,output_738.txt
834848,output_887.txt
834848,output_138.txt
834848,output_910.txt
834848,output_1199.txt
834848,output_541.txt
834848,output_989.txt
834848,output_1192.txt
834848,output_151.txt
834848,output_638.txt
1091522,output_640.txt
1091522,output_783.txt
1091522,output_416.txt
1091522,output_1081.txt
1091522,output_390.txt
1091522,output_791.txt
1091522,output_525.txt
1091522,output_703.txt
1091522,output_68.txt
1091522,output_1194.txt
765583,output_1162.txt
765583,output_1160.txt
765583,output_547.txt
765583,output_256.txt
765583,output_317.txt
765583,output_411.txt
765583,output_1194.txt
765583,output_1080.txt
765583,output_562.txt
765583,output_1143.txt
860542,output_155.txt
860542,output_288.txt
860542,output_700.txt
860542,output_581.txt
860542,output_1186.txt
860542,output_666.txt
860542,output_1050.txt
860542,output_904.txt
860542,output_220.txt
860542,output_729.txt
804687,output_157.txt
804687,output_1172.txt
804687,output_1186.txt
804687,output_1117.txt
804687,output_622.txt
804687,output_295.txt
804687,output_1332.txt
804687,output_692.txt
804687,output_585.txt
804687,output_1215.txt
970830,output_332.txt
970830,output_1405.txt
970830,output_511.txt
970830,output_1060.txt
970830,output_1051.txt
970830,output_1412.txt
970830,output_510.txt
970830,output_1292.txt
970830,output_507.txt
970830,output_16.txt
909176,output_621.txt
909176,output_644.txt
909176,output_485.txt
909176,output_281.txt
909176,output_80.txt
909176,output_791.txt
909176,output_563.txt
909176,output_460.txt
909176,output_829.txt
909176,output_1554.txt
872655,output_204.txt
872655,output_27.txt
872655,output_672.txt
872655,output_1288.txt
872655,output_546.txt
872655,output_1184.txt
872655,output_80.txt
872655,output_669.txt
872655,output_367.txt
872655,output_390.txt
1021679,output_1506.txt
1021679,output_138.txt
1021679,output_1244.txt
1021679,output_910.txt
1021679,output_887.txt
1021679,output_482.txt
1021679,output_766.txt
1021679,output_333.txt
1021679,output_1192.txt
1021679,output_304.txt
25036,output_845.txt
25036,output_281.txt
25036,output_910.txt
25036,output_1438.txt
25036,output_309.txt
25036,output_436.txt
25036,output_791.txt
25036,output_1070.txt
25036,output_1544.txt
25036,output_862.txt
286915,output_137.txt
286915,output_202.txt
286915,output_41.txt
286915,output_740.txt
286915,output_1324.txt
286915,output_234.txt
286915,output_1411.txt
286915,output_1450.txt
286915,output_1130.txt
286915,output_555.txt
786477,output_404.txt
786477,output_1267.txt
786477,output_49.txt
786477,output_817.txt
786477,output_821.txt
786477,output_1239.txt
786477,output_1161.txt
786477,output_971.txt
786477,output_488.txt
786477,output_1202.txt
1025895,output_1046.txt
1025895,output_1179.txt
1025895,output_1415.txt
1025895,output_100.txt
1025895,output_1306.txt
1025895,output_714.txt
1025895,output_171.txt
1025895,output_990.txt
1025895,output_937.txt
1025895,output_468.txt
1078752,output_76.txt
1078752,output_60.txt
1078752,output_621.txt
1078752,output_209.txt
1078752,output_644.txt
1078752,output_880.txt
1078752,output_1213.txt
1078752,output_813.txt
1078752,output_251.txt
1078752,output_1552.txt
938359,output_27.txt
938359,output_719.txt
938359,output_1221.txt
938359,output_1143.txt
938359,output_1518.txt
938359,output_349.txt
938359,output_784.txt
938359,output_1194.txt
938359,output_522.txt
938359,output_200.txt
1090624,output_954.txt
1090624,output_1310.txt
1090624,output_1177.txt
1090624,output_672.txt
1090624,output_68.txt
1090624,output_292.txt
1090624,output_1067.txt
1090624,output_1184.txt
1090624,output_640.txt
1090624,output_1074.txt
42555,output_1228.txt
42555,output_1026.txt
42555,output_822.txt
42555,output_1045.txt
42555,output_124.txt
42555,output_610.txt
42555,output_76.txt
42555,output_1039.txt
42555,output_1264.txt
42555,output_1122.txt
79763,output_1479.txt
79763,output_867.txt
79763,output_1146.txt
79763,output_429.txt
79763,output_1151.txt
79763,output_1166.txt
79763,output_1109.txt
79763,output_1534.txt
79763,output_608.txt
79763,output_780.txt
1101296,output_953.txt
1101296,output_123.txt
1101296,output_1349.txt
1101296,output_390.txt
1101296,output_1263.txt
1101296,output_184.txt
1101296,output_385.txt
1101296,output_774.txt
1101296,output_636.txt
1101296,output_965.txt
1090458,output_32.txt
1090458,output_1003.txt
1090458,output_1110.txt
1090458,output_1274.txt
1090458,output_1012.txt
1090458,output_799.txt
1090458,output_433.txt
1090458,output_120.txt
1090458,output_1050.txt
1090458,output_758.txt
129491,output_118.txt
129491,output_1474.txt
129491,output_1409.txt
129491,output_1443.txt
129491,output_168.txt
129491,output_896.txt
129491,output_631.txt
129491,output_573.txt
129491,output_617.txt
129491,output_591.txt
57258,output_994.txt
57258,output_845.txt
57258,output_644.txt
57258,output_1351.txt
57258,output_239.txt
57258,output_790.txt
57258,output_209.txt
57258,output_880.txt
57258,output_251.txt
57258,output_813.txt
1090399,output_138.txt
1090399,output_581.txt
1090399,output_1512.txt
1090399,output_887.txt
1090399,output_1045.txt
1090399,output_562.txt
1090399,output_1221.txt
1090399,output_1264.txt
1090399,output_1166.txt
1090399,output_1231.txt
160312,output_1437.txt
160312,output_341.txt
160312,output_1249.txt
160312,output_144.txt
160312,output_488.txt
160312,output_300.txt
160312,output_309.txt
160312,output_469.txt
160312,output_80.txt
160312,output_1341.txt
100250,output_700.txt
100250,output_562.txt
100250,output_834.txt
100250,output_79.txt
100250,output_1112.txt
100250,output_473.txt
100250,output_101.txt
100250,output_185.txt
100250,output_386.txt
100250,output_361.txt
243761,output_1512.txt
243761,output_1227.txt
243761,output_1440.txt
243761,output_701.txt
243761,output_109.txt
243761,output_1054.txt
243761,output_1104.txt
243761,output_1409.txt
243761,output_747.txt
243761,output_80.txt
